Line,3,2,1
1,0.01847575057736721,0.8163972286374134,0.0
2,0.9815242494226326,0.18360277136258665,0.0
3,0.0,0.0,-0.9999999999999999
4,-0.018475750577367202,0.18360277136258665,0.0
