Store,e_nom_opt
BO 0 battery,36.431769
BO 1 battery,717.9955535
BO 2 battery,1853.181906
BO 3 battery,4631.390666
